VentaID;Factura;Fecha_Orden;Fecha_Entrega;Fecha_Envio;Estado;Cliente_Code;Tipo_Cliente;Nombres;Apellidos;Vendedor;Departamento;Metodo_Pago;Subtotal
67260;SO67260;2025-03-01;13/03/2025;13-03-25;5;29825 - 31748396;SC;James;Hendergart;Tsvi Reiter;Cusco;Debito/Credito;39450.7848
67261;SO67261;2025-03-01;13/03/2025;13-03-25;5;29776 - 77374304;SC;Barbara;German;José Saraiva;Lambayeque;Debito/Credito;29064.39
67263;SO67263;2025-03-01;13/03/2025;13-03-25;5;30065 - 33493656;SC;Karen;Theisen;Jillian Carson;Arequipa;Debito/Credito;39790.2022
71940;SO71940;2025-05-01;13/05/2025;13-05-25;5;29487 - 16338231;SC;Humberto;Acevedo;Jillian Carson;Arequipa;Debito/Credito;490.434
67262;SO67262;2025-03-01;13/03/2025;13-03-25;5;30039 - 37116530;SC;Robert;Stotka;Michael Blythe;La Libertad;Debito/Credito;7501.722
71837;SO71837;2025-05-01;09/05/2025;09-05-25;5;29486 - 88220389;SC;Kim;Abercrombie;Michael Blythe;La Libertad;Debito/Credito;30143.022
67267;SO67267;2025-03-01;13/03/2025;13-03-25;5;29591 - 79251643;SC;Robert;Brown;Michael Blythe;La Libertad;Debito/Credito;5665.788
71884;SO71884;2025-05-01;13/05/2025;13-05-25;5;29492 - 56454740;SC;Jay;Adams;Michael Blythe;La Libertad;Debito/Credito;38182.7928
71782;SO71782;2025-05-01;13/05/2025;13-05-25;5;29485 - 99436136;SC;Catherine;Abel;Linda Mitchell;Piura;Debito/Credito;33319.986
67264;SO67264;2025-03-01;13/03/2025;13-03-25;5;29602 - 85836983;SC;Nancy;Buchanan;Lynn Tsoflias;Cajamarca;Debito/Credito;1736.334
71805;SO71805;2025-05-01;14/05/2025;17-05-25;5;29488 - 6753653;SC;Pilar;Ackerman;Lynn Tsoflias;Cajamarca;Debito/Credito;57990.6876
67287;SO67287;2025-03-01;13/03/2025;13-03-25;5;29489 - 10104156417;SC;Frances;Adams;Shu Ito;Piura;Debito/Credito;74577.1531
67265;SO67265;2025-03-01;13/03/2025;13-03-25;5;29599 - 18934521;SC;Shirley;Bruner;David Campbell;Lima;Debito/Credito;1386.576
67266;SO67266;2025-03-01;13/03/2025;13-03-25;5;29580 - 22992858;SC;Richard;Bready;David Campbell;;Debito/Credito;70533.0247
67269;SO67269;2025-03-01;13/03/2025;13-03-25;5;29502 - 90466636;SC;Paul;Alcorn;David Campbell;Lima;Debito/Credito;376.248
67268;SO67268;2025-03-01;10/03/2025;10-03-25;5;29692 - 19812610;SC;Thierry;D'Hers;Jae Pak;Ica;Debito/Credito;35209.9636
67270;SO67270;2025-03-01;13/03/2025;13-03-25;5;29614 - 10963240754;SC;Ryan;Calafato;Jae Pak;;Debito/Credito;58676.1206
71860;SO71860;2025-05-01;09/05/2025;10-05-25;5;29494 - 11876780;SC;Samuel;Agcaoili;Jae Pak;Ica;Debito/Credito;2753.988
67271;SO67271;2025-03-01;13/03/2025;13-03-25;5;29844 - 5396181;SC;Nancy;Hirota;Jillian Carson;Arequipa;Debito/Credito;32467.1531
69434;SO69434;2025-03-31;12/04/2025;12-04-25;5;29495 - 53723866;SC;James;Aguilar;Rachel Valdez;Junín;Debito/Credito;2007.09
67272;SO67272;2025-03-01;09/03/2025;09-03-25;5;30067 - 1730822;SC;Phyllis;Thomas;Jae Pak;;Debito/Credito;24002.4668
71787;SO71787;2025-05-01;13/05/2025;13-05-25;5;29496 - 12786713;SC;Robert;Ahlering;Shu Ito;Piura;Debito/Credito;28733.58
67273;SO67273;2025-03-01;13/03/2025;13-03-25;5;29744 - 10218252205;SC;John;Evans;Linda Mitchell;Piura;Debito/Credito;53770.9719
67297;SO67297;2025-03-01;13/03/2025;13-03-25;5;29497 - 60806051;SC;François;Ferrier;Pamela Ansman-Wolfe;Lima;Debito/Credito;91335.4896
67274;SO67274;2025-03-01;08/03/2025;08-03-25;5;29605 - 58467734;SC;Megan;Burke;Shu Ito;Piura;Debito/Credito;22215.3196
71929;SO71929;2025-05-01;15/05/2025;13-05-25;5;29498 - 62461025;SC;Kim;Akers;Jillian Carson;Arequipa;Debito/Credito;48.594
67275;SO67275;2025-03-01;13/03/2025;13-03-25;5;30114 - 10356873276;SC;Kevin;Verboort;Ranjit Varkey Chudukatil;Áncash;Debito/Credito;569.172
71806;SO71806;2025-05-01;14/05/2025;13-05-25;5;29499 - 48798927;SC;Amy;Alberts;Jae Pak;Ica;Debito/Credito;14708.0991
67276;SO67276;2025-03-01;13/03/2025;13-03-25;5;29909 - 7932465;SC;Jim;Kim;Ranjit Varkey Chudukatil;Áncash;Debito/Credito;27830.1316
67348;SO67348;2025-03-01;13/03/2025;13-03-25;5;29500 - 10069648234;SC;Anna;Albright;Tsvi Reiter;Cusco;Debito/Credito;27308.2224
67277;SO67277;2025-03-01;10/03/2025;10-03-25;5;30075 - 85225824;SC;Mike;Tiano;Stephen Jiang;Cusco;Debito/Credito;29524.0501
71778;SO71778;2025-05-01;14/05/2025;13-05-25;5;29501 - 51746383;SC;Milton;Albury;Jillian Carson;Arequipa;Debito/Credito;1117.392
67278;SO67278;2025-03-01;13/03/2025;15-03-25;5;29693 - 10334789208;SC;Ryan;Danner;Rachel Valdez;Junín;Debito/Credito;63761.3483
67279;SO67279;2025-03-01;13/03/2025;13-03-25;5;30116 - 10767111554;SC;Wanda;Vernon;Linda Mitchell;Piura;Debito/Credito;42195.894
69490;SO69490;2025-03-31;12/04/2025;12-04-25;5;29503 - 10333599629;SC;Gregory;Alderson;Garrett Vargas;Ica;Debito/Credito;1054.938
67280;SO67280;2025-03-01;13/03/2025;13-03-25;5;29827 - 89563957;SC;Valerie;Hendricks;Michael Blythe;La Libertad;Debito/Credito;66479.7071
67281;SO67281;2025-03-01;09/03/2025;09-03-25;5;29604 - 76207842;SC;Edward;Buensalido;Tsvi Reiter;Cusco;Debito/Credito;31.584
67282;SO67282;2025-03-01;13/03/2025;13-03-25;5;29820 - 57699425;SC;Mark;Hassall;Jillian Carson;Arequipa;Debito/Credito;26440.572
69517;SO69517;2025-03-31;09/04/2025;09-04-25;5;29506 - 10899240368;SC;Sean;Jacobson;Shu Ito;Piura;Debito/Credito;2909.736
67283;SO67283;2025-03-01;10/03/2025;10-03-25;5;29811 - 46933248;SC;Mark;Hanson;Jillian Carson;Cusco;Debito/Credito;592.746
67284;SO67284;2025-03-01;13/03/2025;13-03-25;5;29647 - 10607114403;SC;Baris;Cetinok;Jillian Carson;Arequipa;Debito/Credito;31600.5181
71793;SO71793;2025-05-01;13/05/2025;13-05-25;5;29508 - 67180961;SC;Marvin;Allen;Michael Blythe;Piura;Debito/Credito;1466.01
67285;SO67285;2025-03-01;13/03/2025;13-03-25;5;29824 - 69285781;SC;Brenda;Heaney;Garrett Vargas;Ica;Debito/Credito;429.06
69481;SO69481;2025-03-31;13/04/2025;12-04-25;5;29509 - 78691194;SC;Michael;Allen;Jillian Carson;Arequipa;Debito/Credito;2780.778
67286;SO67286;2025-03-01;13/03/2025;13-03-25;5;29671 - 3055409;SC;Pat;Coleman;Stephen Jiang;;Debito/Credito;11802.564
69559;SO69559;2025-03-31;12/04/2025;12-04-25;5;29511 - 62615969;SC;Oscar;Alpuerto;Linda Mitchell;La Libertad;Debito/Credito;199.4976
67288;SO67288;2025-03-01;13/03/2025;13-03-25;5;29761 - 68535160;SC;Susan;French;Garrett Vargas;Ica;Debito/Credito;4393.662
71926;SO71926;2025-05-01;13/05/2025;14-05-25;5;29512 - 44937767;SC;Sandra;Altamirano;Syed Abbas;Cajamarca;Debito/Credito;1336.23
67289;SO67289;2025-03-01;13/03/2025;13-03-25;5;29941 - 13353775;SC;Jolie;Lenehan;José Saraiva;Lambayeque;Debito/Credito;35809.8538
67290;SO67290;2025-03-01;13/03/2025;13-03-25;5;29805 - 61430360;SC;Erin;Hagens;Shu Ito;Piura;Debito/Credito;9653.6129
71883;SO71883;2025-05-01;13/05/2025;13-05-25;5;29514 - 10846615108;SC;Emilio;Alvaro;Tsvi Reiter;Cusco;Debito/Credito;602.346
67291;SO67291;2025-03-01;09/03/2025;09-03-25;5;30096 - 10452734119;SC;Mary;Vaca;Jillian Carson;;Debito/Credito;1074.264
67292;SO67292;2025-03-01;13/03/2025;13-03-25;5;29772 - 94927035;SC;Janet;Gates;Michael Blythe;Piura;Debito/Credito;52031.909
69516;SO69516;2025-03-31;12/04/2025;12-04-25;5;29516 - 82465176;SC;Mae;Anderson;Lynn Tsoflias;Cajamarca;Debito/Credito;200.052
67293;SO67293;2025-03-01;14/03/2025;13-03-25;5;29874 - 72387155;SC;David;Jaffe;José Saraiva;Lambayeque;Debito/Credito;4348.074
69480;SO69480;2025-03-31;08/04/2025;08-04-25;5;29517 - 77393926;SC;Ramona;Antrim;Jillian Carson;La Libertad;Debito/Credito;6078.402
67294;SO67294;2025-03-01;08/03/2025;08-03-25;5;29689 - 13542129;SC;Scott;Culp;David Campbell;Lima;Debito/Credito;55487.5731
71927;SO71927;2025-05-01;13/05/2025;13-05-25;5;29518 - 52625800;SC;Sabria;Appelbaum;Tsvi Reiter;Cusco;Debito/Credito;37.254
67295;SO67295;2025-03-01;13/03/2025;13-03-25;5;30000 - 16196252;SC;James;Mccoy;Jae Pak;;Debito/Credito;62810.4352
69405;SO69405;2025-03-31;12/04/2025;12-04-25;5;29519 - 15657555;SC;Hannah;Arakawa;Tsvi Reiter;Cusco;Debito/Credito;5997.522
67296;SO67296;2025-03-01;10/03/2025;10-03-25;5;29745 - 2149127;SC;Marc;Faeber;Rachel Valdez;Junín;Debito/Credito;24.294
67331;SO67331;2025-03-01;13/03/2025;13-03-25;5;29520 - 87255756;SC;Kyley;Arbelaez;Tsvi Reiter;Cusco;Debito/Credito;5148.198
69552;SO69552;2025-03-31;12/04/2025;12-04-25;5;29521 - 20129066;SC;Tom;Johnston;Shu Ito;Lima;Debito/Credito;5074.368
67298;SO67298;2025-03-01;14/03/2025;13-03-25;5;29987 - 10189018371;SC;Frank;Mart¡Nez;Linda Mitchell;Piura;Debito/Credito;101438.0899
69532;SO69532;2025-03-31;09/04/2025;09-04-25;5;29522 - 10868214405;SC;Thomas;Armstrong;Linda Mitchell;Piura;Debito/Credito;54076.886
67299;SO67299;2025-03-01;16/03/2025;13-03-25;5;29654 - 72554881;SC;Yao-Qiang;Cheng;Michael Blythe;La Libertad;Debito/Credito;4718.898
69528;SO69528;2025-03-31;12/04/2025;12-04-25;5;29523 - 79414350;SC;John;Arthur;Stephen Jiang;Piura;Debito/Credito;34349.2656
67300;SO67300;2025-03-01;10/03/2025;10-03-25;5;29683 - 85475916;SC;Eva;Corets;David Campbell;Lima;Debito/Credito;251.964
69414;SO69414;2025-03-31;06/04/2025;06-04-25;5;29524 - 88944054;SC;Chris;Ashton;Michael Blythe;La Libertad;Debito/Credito;32910.642
67301;SO67301;2025-03-01;13/03/2025;13-03-25;5;29650 - 18819632;SC;Forrest;Chandler;Linda Mitchell;Piura;Debito/Credito;26.724
67302;SO67302;2025-03-01;13/03/2025;13-03-25;5;29734 - 10100196386;SC;Jauna;Elson;Jae Pak;Ica;Debito/Credito;44879.682
69504;SO69504;2025-03-31;12/04/2025;12-04-25;5;29526 - 10281981434;SC;John;Ault;Rachel Valdez;;Debito/Credito;13820.766
67303;SO67303;2025-03-01;13/03/2025;13-03-25;5;29672 - 93567470;SC;Takiko;Collins;Tsvi Reiter;;Debito/Credito;194.376
71878;SO71878;2025-05-01;13/05/2025;13-05-25;5;29527 - 4368892;SC;Robert;Avalos;Jae Pak;Ica;Debito/Credito;6450.678
67304;SO67304;2025-03-01;09/03/2025;09-03-25;5;29994 - 81397633;SC;Robin;Mcguigan;Jae Pak;Ica;Debito/Credito;57193.1057
71798;SO71798;2025-05-01;13/05/2025;13-05-25;5;29528 - 32324836;SC;Stephen;Ayers;Jillian Carson;;Debito/Credito;30163.638
67305;SO67305;2025-03-01;09/03/2025;09-03-25;5;29641 - 47854137;SC;Raul;Casts;Shu Ito;Piura;Debito/Credito;116153.8278
71876;SO71876;2025-05-01;13/05/2025;13-05-25;5;29529 - 83136389;SC;Phillip;Bacalzo;Lynn Tsoflias;Cajamarca;Debito/Credito;6033.96
67306;SO67306;2025-03-01;15/03/2025;13-03-25;5;29970 - 17754934;SC;Sharon;Lynn;Lynn Tsoflias;Cajamarca;Debito/Credito;6450.678
67307;SO67307;2025-03-01;13/03/2025;13-03-25;5;29682 - 28349471;SC;Scott;Cooper;Shu Ito;Piura;Debito/Credito;84.498
71935;SO71935;2025-05-01;13/05/2025;13-05-25;5;29531 - 18943339;SC;Cory;Booth;Linda Mitchell;Lima;Debito/Credito;5533.8689
67308;SO67308;2025-03-01;16/03/2025;13-03-25;5;29778 - 10286082849;SC;Leo;Giakoumakis;José Saraiva;Lambayeque;Debito/Credito;3960.762
67309;SO67309;2025-03-01;13/03/2025;13-03-25;5;29867 - 63967136;SC;Erik;Ismert;Tete Mensa-Annan;Lima;Debito/Credito;3638.364
67332;SO67332;2025-03-01;14/03/2025;13-03-25;5;29533 - 3749451;SC;Douglas;Baldwin;Jillian Carson;La Libertad;Debito/Credito;8344.098
67310;SO67310;2025-03-01;13/03/2025;14-03-25;5;29747 - 59629367;SC;Carolyn;Farino;David Campbell;Lima;Debito/Credito;242.994
71802;SO71802;2025-05-01;13/05/2025;13-05-25;5;29534 - 52396329;SC;Jennifer;Bales;Tsvi Reiter;Cusco;Debito/Credito;31535.622
67311;SO67311;2025-03-01;14/03/2025;13-03-25;5;29631 - 71974176;SC;Jane;Carmichael;Shu Ito;Piura;Debito/Credito;9473.472
71924;SO71924;2025-05-01;13/05/2025;13-05-25;5;29535 - 21399935;SC;Wayne;Banack;Michael Blythe;Piura;Debito/Credito;2942.418
67312;SO67312;2025-03-01;13/03/2025;13-03-25;5;29670 - 81607929;SC;Eric;Coleman;Lynn Tsoflias;Cajamarca;Debito/Credito;6204.054
67313;SO67313;2025-03-01;07/03/2025;07-03-25;5;29958 - 33620142;SC;Run;Liu;Tsvi Reiter;Cusco;Debito/Credito;809.76
71875;SO71875;2025-05-01;07/05/2025;07-05-25;5;29537 - 40187279;SC;Rebecca;Barley;Lynn Tsoflias;Cajamarca;Debito/Credito;802.398
67314;SO67314;2025-03-01;13/03/2025;13-03-25;5;29658 - 41391791;SC;Mike;Choi;Jillian Carson;Arequipa;Debito/Credito;41944.4472
69410;SO69410;2025-03-31;12/04/2025;12-04-25;5;29538 - 45460543;SC;Brenda;Barlow;Lynn Tsoflias;Cajamarca;Debito/Credito;19043.112
67315;SO67315;2025-03-01;13/03/2025;13-03-25;5;29981 - 80888167;SC;Kathy;Marcovecchio;Tete Mensa-Annan;Lima;Debito/Credito;7264.295
69396;SO69396;2025-03-31;06/04/2025;06-04-25;5;29539 - 10280374813;SC;Josh;Barnhill;Garrett Vargas;Ica;Debito/Credito;6187.308
67316;SO67316;2025-03-01;13/03/2025;13-03-25;5;30048 - 10671358274;SC;Marcia;Sultan;Jae Pak;Ica;Debito/Credito;82935.6792
69419;SO69419;2025-03-31;12/04/2025;12-04-25;5;29540 - 17951566;SC;Adam;Barr;Tsvi Reiter;Cusco;Debito/Credito;3773.28
67317;SO67317;2025-03-01;15/03/2025;13-03-25;5;29656 - 27206009;SC;Susan;Chestnut;Lynn Tsoflias;Cajamarca;Debito/Credito;12916.794
67318;SO67318;2025-03-01;13/03/2025;13-03-25;5;29570 - 91855722;SC;Michael;Blythe;Michael Blythe;Piura;Debito/Credito;5871.15
69388;SO69388;2025-03-31;12/04/2025;12-04-25;5;29542 - 5339607;SC;David;Bartness;Rachel Valdez;Junín;Debito/Credito;1210.4928
67319;SO67319;2025-03-01;13/03/2025;13-03-25;5;29879 - 94801033;SC;Stephen;Jiang;Jae Pak;Ica;Debito/Credito;3173.928
69544;SO69544;2025-03-31;12/04/2025;12-04-25;5;29543 - 87594829;SC;Karel;Bates;Jillian Carson;Arequipa;Debito/Credito;35536.668
67320;SO67320;2025-03-01;13/03/2025;13-03-25;5;29646 - 11894624;SC;Stacey;Cereghino;Michael Blythe;Piura;Debito/Credito;52815.312
69538;SO69538;2025-03-31;06/04/2025;06-04-25;5;29544 - 91359636;SC;Shaun;Beasley;Garrett Vargas;Ica;Debito/Credito;4881.234
67321;SO67321;2025-03-01;16/03/2025;13-03-25;5;30051 - 87310967;SC;Brad;Sutton;Tete Mensa-Annan;Lima;Debito/Credito;50354.862
67322;SO67322;2025-03-01;13/03/2025;13-03-25;5;30070 - 90718480;SC;Kendra;Thompson;Pamela Ansman-Wolfe;Lima;Debito/Credito;63235.638
71938;SO71938;2025-05-01;09/05/2025;09-05-25;5;29546 - 62828153;SC;Christopher;Beck;José Saraiva;Lambayeque;Debito/Credito;74160.228
67323;SO67323;2025-03-01;13/03/2025;13-03-25;5;29837 - 27120962;SC;Onetha;Higgs;Rachel Valdez;Junín;Debito/Credito;1806.552
67324;SO67324;2025-03-01;07/03/2025;07-03-25;5;29589 - 29529597;SC;Carolee;Brown;Rachel Valdez;Junín;Debito/Credito;57288.1826
67325;SO67325;2025-03-01;13/03/2025;13-03-25;5;29992 - 98562043;SC;Sandra;Maynard;Shu Ito;Piura;Debito/Credito;34239.5087
67326;SO67326;2025-03-01;14/03/2025;13-03-25;5;29850 - 51401322;SC;Bob;Hodges;Michael Blythe;Piura;Debito/Credito;865.536
71833;SO71833;2025-05-01;13/05/2025;13-05-25;5;29550 - 23432589;SC;Stanley;Alan;David Campbell;Lima;Debito/Credito;53083.446
67327;SO67327;2025-03-01;09/03/2025;09-03-25;5;30109 - 76717101;SC;Nieves;Vargas;Jillian Carson;;Debito/Credito;31154.4749
71947;SO71947;2025-05-01;10/05/2025;10-05-25;5;29551 - 87421229;SC;Mason;Bendixen;Jillian Carson;Arequipa;Debito/Credito;34063.824
67328;SO67328;2025-03-01;13/03/2025;13-03-25;5;29679 - 67592417;SC;Amy;Consentino;Rachel Valdez;Junín;Debito/Credito;746.802
71826;SO71826;2025-05-01;14/05/2025;13-05-25;5;29552 - 96996111;SC;John;Bennetts;Rachel Valdez;Junín;Debito/Credito;29709.336
67329;SO67329;2025-03-01;14/03/2025;13-03-25;5;29634 - 25759112;SC;Fernando;Caro;Rachel Valdez;Junín;Debito/Credito;7776.954
71903;SO71903;2025-05-01;13/05/2025;13-05-25;5;29553 - 6057709;SC;Edna;Benson;Michael Blythe;Piura;Debito/Credito;3595.188
67330;SO67330;2025-03-01;13/03/2025;13-03-25;5;29920 - 69763077;SC;Scott;Konersmann;Michael Blythe;Piura;Debito/Credito;702.234
69491;SO69491;2025-03-31;12/04/2025;12-04-25;5;29556 - 87489627;SC;Scot;Bent;Lynn Tsoflias;Cajamarca;Debito/Credito;5058.336
67333;SO67333;2025-03-01;13/03/2025;13-03-25;5;29894 - 81006289;SC;John;Kane;Rachel Valdez;Junín;Debito/Credito;30029.454
71808;SO71808;2025-05-01;13/05/2025;13-05-25;5;29557 - 17190967;SC;Alexander;Berger;Garrett Vargas;Ica;Debito/Credito;32109.4774
67334;SO67334;2025-03-01;13/03/2025;14-03-25;5;29606 - 75567876;SC;Karren;Burkhardt;David Campbell;;Debito/Credito;48.594
67335;SO67335;2025-03-01;13/03/2025;13-03-25;5;29826 - 31666025;SC;John;Hanson;Linda Mitchell;Lima;Debito/Credito;1912.308
71836;SO71836;2025-05-01;13/05/2025;13-05-25;5;29559 - 72788821;SC;Robert;Bernacchi;Pamela Ansman-Wolfe;Lima;Debito/Credito;65466.8869
67336;SO67336;2025-03-01;14/03/2025;13-03-25;5;29871 - 10096352523;SC;Eric;Jacobsen;Linda Mitchell;Piura;Debito/Credito;3589.794
69527;SO69527;2025-03-31;13/04/2025;12-04-25;5;29560 - 89619485;SC;Matthias;Berndt;Shu Ito;Piura;Debito/Credito;27710.13
67337;SO67337;2025-03-01;13/03/2025;13-03-25;5;30018 - 83096267;SC;Virginia;Miller;Tete Mensa-Annan;Lima;Debito/Credito;293.958
69451;SO69451;2025-03-31;13/04/2025;12-04-25;5;29561 - 10727352358;SC;John;Berry;Tsvi Reiter;Cusco;Debito/Credito;50399.166
67338;SO67338;2025-03-01;07/03/2025;07-03-25;5;29875 - 1456847;SC;Jay;Jamison;Ranjit Varkey Chudukatil;Áncash;Debito/Credito;2402.436
67339;SO67339;2025-03-01;13/03/2025;13-03-25;5;29795 - 77845472;SC;Lowell;Graham;Ranjit Varkey Chudukatil;Áncash;Debito/Credito;23801.0431
71839;SO71839;2025-05-01;07/05/2025;07-05-25;5;29563 - 82354600;SC;Chris;Bidelman;Tsvi Reiter;Cusco;Debito/Credito;56986.6066
67340;SO67340;2025-03-01;13/03/2025;13-03-25;5;30084 - 10917310369;SC;Abe;Tramel;Tsvi Reiter;Cusco;Debito/Credito;672.294
69433;SO69433;2025-03-31;12/04/2025;12-04-25;5;29564 - 33148937;SC;Mary;Billstrom;Ranjit Varkey Chudukatil;Áncash;Debito/Credito;60915.72
67341;SO67341;2025-03-01;13/03/2025;13-03-25;5;30057 - 54817569;SC;Damon;Taylor;Tsvi Reiter;Cusco;Debito/Credito;356.898
67342;SO67342;2025-03-01;13/03/2025;13-03-25;5;29595 - 87613442;SC;Bridget;Browqett;Lynn Tsoflias;Cajamarca;Debito/Credito;30635.004
67343;SO67343;2025-03-01;13/03/2025;13-03-25;5;29587 - 85112139;SC;John;Brooks;José Saraiva;Lambayeque;Debito/Credito;36831.1713
69398;SO69398;2025-03-31;13/04/2025;12-04-25;5;29567 - 69392246;SC;Jackie;Blackwell;Jae Pak;Ica;Debito/Credito;868.89
67344;SO67344;2025-03-01;14/03/2025;13-03-25;5;29648 - 4268170;SC;Sean;Chai;Lynn Tsoflias;Cajamarca;Debito/Credito;362.34
71899;SO71899;2025-05-01;13/05/2025;13-05-25;5;29568 - 79831251;SC;Donald;Blanton;Linda Mitchell;Piura;Debito/Credito;1856.2068
67345;SO67345;2025-03-01;13/03/2025;13-03-25;5;29829 - 50121253;SC;Jeff;Henshaw;Lynn Tsoflias;Cajamarca;Debito/Credito;509.31
69495;SO69495;2025-03-31;08/04/2025;08-04-25;5;29569 - 52225080;SC;Linda;Burnett;Michael Blythe;La Libertad;Debito/Credito;2402.274
67346;SO67346;2025-03-01;13/03/2025;13-03-25;5;29737 - 10013119;SC;John;Emory;Tete Mensa-Annan;Lima;Debito/Credito;41375.1
67347;SO67347;2025-03-01;16/03/2025;13-03-25;5;29783 - 10543782202;SC;Mary;Gimmi;Linda Mitchell;La Libertad;Debito/Credito;27769.0151
69420;SO69420;2025-03-31;15/04/2025;12-04-25;5;29571 - 46481210;SC;Gabriel;Bockenkamp;Tete Mensa-Annan;Lima;Debito/Credito;1544.97
71942;SO71942;2025-05-01;09/05/2025;13-05-25;5;29572 - 56419194;SC;Corinna;Bolender;Tsvi Reiter;;Debito/Credito;3460.716
67349;SO67349;2025-03-01;08/03/2025;08-03-25;5;29704 - 10075998835;SC;Shawn;Demicell;Tsvi Reiter;;Debito/Credito;36885.8796
67350;SO67350;2025-03-01;13/03/2025;13-03-25;5;29694 - 33093471;SC;Mike;Danseglio;Jillian Carson;;Debito/Credito;802.398
71901;SO71901;2025-05-01;13/05/2025;13-05-25;5;29574 - 68065386;SC;Randall;Boseman;Michael Blythe;Piura;Debito/Credito;2127.522
71804;SO71804;2025-05-01;13/05/2025;13-05-25;5;29576 - 10559512534;SC;Eli;Bowen;Jae Pak;Ica;Debito/Credito;1536.2136
71827;SO71827;2025-05-01;13/05/2025;13-05-25;5;29577 - 10644405089;SC;Lester;Bowman;Garrett Vargas;Ica;Debito/Credito;7071.6
71779;SO71779;2025-05-01;13/05/2025;13-05-25;5;29579 - 33040267;SC;Cornelius;Brandon;Stephen Jiang;La Libertad;Debito/Credito;35331.66
69463;SO69463;2025-03-31;12/04/2025;12-04-25;5;29583 - 5424660;SC;Alan;Brewer;Michael Blythe;;Debito/Credito;323.994
71895;SO71895;2025-05-01;13/05/2025;13-05-25;5;29584 - 16906046;SC;Walter;Brian;Linda Mitchell;Piura;Debito/Credito;221.256
69309;SO69309;2025-03-30;12/04/2025;13-04-25;5;29586 - 10069701;SC;David;Brink;Rachel Valdez;Junín;Debito/Credito;7041.5716
69445;SO69445;2025-03-31;12/04/2025;12-04-25;5;29586 - 10069701;SC;David;Brink;Rachel Valdez;Junín;Debito/Credito;6422.22
69500;SO69500;2025-03-31;12/04/2025;12-04-25;5;29588 - 69745742;SC;Willie;Brooks;Tete Mensa-Annan;Lima;Debito/Credito;1289.5668
69547;SO69547;2025-03-31;13/04/2025;12-04-25;5;29590 - 73298427;SC;Jo;Brown;Jillian Carson;La Libertad;Debito/Credito;37.254
71852;SO71852;2025-05-01;13/05/2025;13-05-25;5;29592 - 10851240071;SC;Kevin;Browne;Jillian Carson;Arequipa;Debito/Credito;7927.8006
69468;SO69468;2025-03-31;08/04/2025;08-04-25;5;29593 - 68407114;SC;Mary;Browning;Michael Blythe;La Libertad;Debito/Credito;1435.5564
69403;SO69403;2025-03-31;12/04/2025;12-04-25;5;29597 - 10380692567;SC;Dick;Brummer;Tsvi Reiter;Cusco;Debito/Credito;2159.352
69411;SO69411;2025-03-31;12/04/2025;12-04-25;5;29598 - 10989640345;SC;Michael;Brundage;Shu Ito;;Debito/Credito;3793.26
69460;SO69460;2025-03-31;07/04/2025;07-04-25;5;29601 - 10340035581;SC;Dirk;Bruno;Garrett Vargas;Ica;Debito/Credito;18057.942
71807;SO71807;2025-05-01;13/05/2025;13-05-25;5;29603 - 98604620;SC;Janaina Barreiro Gambaro;Bueno;Jae Pak;Ica;Debito/Credito;494.004
69540;SO69540;2025-03-31;14/04/2025;12-04-25;5;29608 - 87280011;SC;Timothy;Burnett;Jae Pak;Ica;Debito/Credito;44228.9437
69511;SO69511;2025-03-31;12/04/2025;12-04-25;5;29609 - 40234677;SC;Stephen;Burton;Rachel Valdez;Junín;Debito/Credito;48642.5503
71885;SO71885;2025-05-01;15/05/2025;13-05-25;5;29612 - 70776821;SC;Richard;Byham;José Saraiva;Lambayeque;Debito/Credito;524.664
69558;SO69558;2025-03-31;12/04/2025;12-04-25;5;29615 - 57620968;SC;Mari;Caldwell;José Saraiva;Lambayeque;Debito/Credito;76677.4547
69545;SO69545;2025-03-31;08/04/2025;08-04-25;5;29616 - 28366968;SC;Barbara;Calone;Stephen Jiang;Piura;Debito/Credito;63841.3128
69508;SO69508;2025-03-31;12/04/2025;12-04-25;5;29617 - 22221453;SC;Lindsey;Camacho;Tete Mensa-Annan;Lima;Debito/Credito;106268.238
69461;SO69461;2025-03-31;06/04/2025;06-04-25;5;29618 - 96516869;SC;Gustavo;Camargo;José Saraiva;Lambayeque;Debito/Credito;31964.604
69534;SO69534;2025-03-31;12/04/2025;12-04-25;5;29619 - 34452719;SC;Deedee;Cameron;Jillian Carson;;Debito/Credito;331.152
69391;SO69391;2025-03-31;09/04/2025;09-04-25;5;29620 - 94393638;SC;Joan;Campbell;Jae Pak;;Debito/Credito;4256.964
71785;SO71785;2025-05-01;07/05/2025;07-05-25;5;29622 - 8337348;SC;Henry;Campen;David Campbell;Lima;Debito/Credito;29498.7984
71830;SO71830;2025-05-01;13/05/2025;13-05-25;5;29625 - 11790509;SC;Suzana De Abreu;Canuto;Jae Pak;;Debito/Credito;41583.0985
69452;SO69452;2025-03-31;12/04/2025;12-04-25;5;29626 - 36193466;SC;Jun;Cao;Tsvi Reiter;;Debito/Credito;3325.4748
69401;SO69401;2025-03-31;12/04/2025;12-04-25;5;29627 - 66409594;SC;Johnny;Caprio;Garrett Vargas;Ica;Debito/Credito;18220.9299
71933;SO71933;2025-05-01;13/05/2025;13-05-25;5;29628 - 10978298614;SC;Richard;Carey;Lynn Tsoflias;Cajamarca;Debito/Credito;28573.5744
71847;SO71847;2025-05-01;13/05/2025;13-05-25;5;29629 - 10951074594;SC;Carlton;Carlisle;Jae Pak;Ica;Debito/Credito;89981.79
69428;SO69428;2025-03-31;14/04/2025;12-04-25;5;29630 - 62778300;SC;Ty Loren;Carlson;Ranjit Varkey Chudukatil;Áncash;Debito/Credito;923.388
69493;SO69493;2025-03-31;16/04/2025;12-04-25;5;29633 - 86618546;SC;Steve;Carnes;Jillian Carson;Arequipa;Debito/Credito;5306.6375
71887;SO71887;2025-05-01;13/05/2025;13-05-25;5;29635 - 10490022635;SC;Rob;Caron;Michael Blythe;La Libertad;Debito/Credito;3678.816
71889;SO71889;2025-05-01;08/05/2025;08-05-25;5;29637 - 10838604029;SC;Donna;Carreras;Michael Blythe;Piura;Debito/Credito;26632.9708
71915;SO71915;2025-05-01;14/05/2025;13-05-25;5;29638 - 22654395;SC;Rosmarie;Carroll;Linda Mitchell;Piura;Debito/Credito;1732.89
71792;SO71792;2025-05-01;13/05/2025;13-05-25;5;29639 - 26131241;SC;Joseph;Castellucio;Jae Pak;Ica;Debito/Credito;50937.3784
69519;SO69519;2025-03-31;13/04/2025;13-04-25;5;29640 - 10439724239;SC;Pamela;Carlson;Tsvi Reiter;Cusco;Debito/Credito;672.294
71951;SO71951;2025-05-01;13/05/2025;13-05-25;5;29642 - 52189632;SC;Elizabeth;Catalano;Tsvi Reiter;Cusco;Debito/Credito;1502.976
69475;SO69475;2025-03-31;12/04/2025;12-04-25;5;29643 - 12979147;SC;Matthew;Cavallari;Pamela Ansman-Wolfe;Lima;Debito/Credito;57037.067
71867;SO71867;2025-05-01;13/05/2025;13-05-25;5;29644 - 10137190969;SC;Brigid;Cavendish;José Saraiva;Lambayeque;Debito/Credito;858.9
71893;SO71893;2025-05-01;09/05/2025;09-05-25;5;29645 - 27490259;SC;Andrew;Cencini;Tete Mensa-Annan;Lima;Debito/Credito;41471.694
71864;SO71864;2025-05-01;16/05/2025;13-05-25;5;29651 - 98457210;SC;Lee;Chapla;Michael Blythe;La Libertad;Debito/Credito;28373.196
71879;SO71879;2025-05-01;13/05/2025;13-05-25;5;29652 - 10065021644;SC;Neil;Charney;Lynn Tsoflias;Cajamarca;Debito/Credito;2058.252
71858;SO71858;2025-05-01;10/05/2025;10-05-25;5;29653 - 10247995069;SC;Pei;Chow;Linda Mitchell;;Debito/Credito;11528.844
69439;SO69439;2025-03-31;12/04/2025;12-04-25;5;29657 - 37855108;SC;Martin;Chisholm;Lynn Tsoflias;Cajamarca;Debito/Credito;436.908
71796;SO71796;2025-05-01;13/05/2025;13-05-25;5;29660 - 47025385;SC;Anthony;Chor;Linda Mitchell;Piura;Debito/Credito;47848.026
69553;SO69553;2025-03-31;12/04/2025;12-04-25;5;29665 - 67928618;SC;James;Clark;Syed Abbas;Cajamarca;Debito/Credito;752.634
69482;SO69482;2025-03-31;13/04/2025;12-04-25;5;29666 - 67670683;SC;Jane;Clayton;Garrett Vargas;Ica;Debito/Credito;20373.756
71908;SO71908;2025-05-01;13/05/2025;13-05-25;5;29669 - 72489461;SC;Jeanette;Cole;Jillian Carson;Arequipa;Debito/Credito;2108.634
69489;SO69489;2025-03-31;12/04/2025;12-04-25;5;29675 - 36896268;SC;Aaron;Con;Jillian Carson;Arequipa;Debito/Credito;964.722
71691;SO71691;2025-04-30;13/05/2025;13-05-25;5;29676 - 74244484;SC;Peter;Connelly;Rachel Valdez;Junín;Debito/Credito;1087.245
71914;SO71914;2025-05-01;13/05/2025;16-05-25;5;29676 - 74244484;SC;Peter;Connelly;Rachel Valdez;Junín;Debito/Credito;1966.26
69400;SO69400;2025-03-31;13/04/2025;12-04-25;5;29677 - 19708347;SC;William;Conner;Jae Pak;Ica;Debito/Credito;2870.952
71950;SO71950;2025-05-01;13/05/2025;13-05-25;5;29678 - 70882932;SC;Stephanie;Conroy;Tsvi Reiter;Cusco;Debito/Credito;3131.934
69416;SO69416;2025-03-31;12/04/2025;12-04-25;5;29684 - 86526885;SC;Marlin;Coriell;Jillian Carson;La Libertad;Debito/Credito;4006.4015
71909;SO71909;2025-05-01;13/05/2025;13-05-25;5;29685 - 21277606;SC;Pamela;Cox;Tsvi Reiter;Cusco;Debito/Credito;6179.88
71913;SO71913;2025-05-01;08/05/2025;08-05-25;5;29687 - 74516613;SC;Shelley;Crow;Rachel Valdez;;Debito/Credito;6231.942
69562;SO69562;2025-03-31;12/04/2025;12-04-25;5;29688 - 65883219;SC;Grant;Culbertson;Jillian Carson;La Libertad;Debito/Credito;203.3964
71812;SO71812;2025-05-01;08/05/2025;08-05-25;5;29690 - 10555196839;SC;Conor;Cunningham;Shu Ito;Lima;Debito/Credito;26261.238
69459;SO69459;2025-03-31;12/04/2025;12-04-25;5;29691 - 35627360;SC;Jose;Curry;Tsvi Reiter;Cusco;Debito/Credito;72.894
71904;SO71904;2025-05-01;13/05/2025;13-05-25;5;29695 - 10286825453;SC;Megan;Davis;David Campbell;Lima;Debito/Credito;57820.932
71849;SO71849;2025-05-01;13/05/2025;13-05-25;5;29696 - 10944742613;SC;Alvaro;De Matos Miranda Filho;Shu Ito;Piura;Debito/Credito;19322.028
69542;SO69542;2025-03-31;12/04/2025;12-04-25;5;29698 - 55930760;SC;Jacob;Dean;Jae Pak;Ica;Debito/Credito;26034.912
71937;SO71937;2025-05-01;13/05/2025;13-05-25;5;29700 - 45841693;SC;Barbara;Decker;Lynn Tsoflias;;Debito/Credito;1167.276
71824;SO71824;2025-05-01;10/05/2025;11-05-25;5;29701 - 76731646;SC;Kirk;Degrasse;Jillian Carson;Arequipa;Debito/Credito;85393.7413
71882;SO71882;2025-05-01;13/05/2025;13-05-25;5;29702 - 83277380;SC;Aidan;Delaney;Michael Blythe;Piura;Debito/Credito;31786.1904
69522;SO69522;2025-03-31;07/04/2025;07-04-25;5;29705 - 60234361;SC;Della;Demott Jr;Garrett Vargas;Ica;Debito/Credito;25434.382
69550;SO69550;2025-03-31;12/04/2025;12-04-25;5;29706 - 73486730;SC;Bruno;Deniut;Lynn Tsoflias;Cajamarca;Debito/Credito;41619.216
71844;SO71844;2025-05-01;13/05/2025;13-05-25;5;29707 - 10632433347;SC;Helen;Dennis;Jillian Carson;Cusco;Debito/Credito;36712.7103
71790;SO71790;2025-05-01;15/05/2025;13-05-25;5;29709 - 73904205;SC;Bev;Desalvo;Tete Mensa-Annan;Lima;Debito/Credito;4086.438
71869;SO71869;2025-05-01;14/05/2025;13-05-25;5;29711 - 81125088;SC;Gabriele;Dickmann;Jae Pak;Ica;Debito/Credito;105.294
69437;SO69437;2025-03-31;12/04/2025;12-04-25;5;29712 - 79030465;SC;Holly;Dickson;Ranjit Varkey Chudukatil;Áncash;Debito/Credito;83147.6449
69395;SO69395;2025-03-31;12/04/2025;12-04-25;5;29713 - 9600799;SC;Dick;Dievendorff;José Saraiva;Lambayeque;Debito/Credito;890.82
71781;SO71781;2025-05-01;14/05/2025;13-05-25;5;29714 - 10920734269;SC;Rudolph;Dillon;Jae Pak;Ica;Debito/Credito;22057.986
71948;SO71948;2025-05-01;08/05/2025;08-05-25;5;29715 - 29985404;SC;Andrew;Dixon;Tsvi Reiter;Cusco;Debito/Credito;80450.376
69466;SO69466;2025-03-31;09/04/2025;10-04-25;5;29716 - 10316681627;SC;Blaine;Dockter;Shu Ito;Piura;Debito/Credito;32062.032
69524;SO69524;2025-03-31;12/04/2025;12-04-25;5;29719 - 91594396;SC;Patricia;Doyle;David Campbell;Lima;Debito/Credito;1917.66
71818;SO71818;2025-05-01;14/05/2025;13-05-25;5;29720 - 10786974877;SC;Gerald;Drury;Shu Ito;Lima;Debito/Credito;45786.984
71821;SO71821;2025-05-01;13/05/2025;13-05-25;5;29721 - 2419550;SC;Gary;Drury;Tsvi Reiter;Cusco;Debito/Credito;4373.73
71794;SO71794;2025-05-01;14/05/2025;13-05-25;5;29722 - 93908806;SC;Reuben;D'Sa;Jae Pak;Ica;Debito/Credito;64704.8794
69310;SO69310;2025-03-30;12/04/2025;12-04-25;5;29723 - 17481413;SC;Ed;Dudenhoefer;Rachel Valdez;Junín;Debito/Credito;249.5428
69450;SO69450;2025-03-31;13/04/2025;12-04-25;5;29724 - 78963878;SC;Bernard;Duerr;Jillian Carson;Arequipa;Debito/Credito;35047.644
69444;SO69444;2025-03-31;09/04/2025;09-04-25;5;29725 - 87453600;SC;Tish;Duff;Rachel Valdez;Junín;Debito/Credito;35272.6228
69521;SO69521;2025-03-31;13/04/2025;12-04-25;5;29727 - 72122252;SC;Bart;Duncan;David Campbell;Lima;Debito/Credito;51216.168
71843;SO71843;2025-05-01;13/05/2025;13-05-25;5;29730 - 84584146;SC;Linda;Ecoffey;Jae Pak;Ica;Debito/Credito;5864.04
69507;SO69507;2025-03-31;12/04/2025;12-04-25;5;29731 - 73263768;SC;Carla;Eldridge;Jillian Carson;Arequipa;Debito/Credito;6042.18
69536;SO69536;2025-03-31;06/04/2025;06-04-25;5;29732 - 10700142034;SC;Carol;Elliott;Michael Blythe;Piura;Debito/Credito;40086.9291
71872;SO71872;2025-05-01;08/05/2025;08-05-25;5;29735 - 10330307848;SC;Michael;Emanuel;Ranjit Varkey Chudukatil;Áncash;Debito/Credito;158.43
71784;SO71784;2025-05-01;07/05/2025;08-05-25;5;29736 - 96144869;SC;Terry;Eminhizer;José Saraiva;Lambayeque;Debito/Credito;89869.2763
71907;SO71907;2025-05-01;14/05/2025;13-05-25;5;29738 - 47351880;SC;Gail;Erickson;Michael Blythe;La Libertad;Debito/Credito;50201.256
71842;SO71842;2025-05-01;13/05/2025;13-05-25;5;29740 - 82623927;SC;Martha;Espinoza;Jae Pak;Ica;Debito/Credito;10.788
71946;SO71946;2025-05-01;14/05/2025;13-05-25;5;29741 - 57768115;SC;Janeth;Esteves;José Saraiva;Lambayeque;Debito/Credito;31.584
71814;SO71814;2025-05-01;09/05/2025;09-05-25;5;29750 - 32714219;SC;Rhoda;Finley;Jae Pak;Ica;Debito/Credito;5573.904
69499;SO69499;2025-03-31;07/04/2025;07-04-25;5;29752 - 45797658;SC;James;Fine;Jillian Carson;Arequipa;Debito/Credito;2057.2464
69529;SO69529;2025-03-31;06/04/2025;06-04-25;5;29753 - 31443152;SC;Kathie;Flood;David Campbell;Lima;Debito/Credito;1477.1748
71874;SO71874;2025-05-01;13/05/2025;13-05-25;5;29754 - 10356498786;SC;Jay;Fluegel;Syed Abbas;Cajamarca;Debito/Credito;2860.884
69453;SO69453;2025-03-31;12/04/2025;12-04-25;5;29757 - 70543014;SC;Garth;Fort;Linda Mitchell;Piura;Debito/Credito;808.728
71809;SO71809;2025-05-01;08/05/2025;10-05-25;5;29760 - 56537252;SC;John;Fredericksen;Lynn Tsoflias;Cajamarca;Debito/Credito;2821.566
71850;SO71850;2025-05-01;13/05/2025;13-05-25;5;29762 - 58246521;SC;Liam;Friedland;Tsvi Reiter;Cusco;Debito/Credito;7912.014
69486;SO69486;2025-03-31;12/04/2025;12-04-25;5;29764 - 85796658;SC;John;Ford;Michael Blythe;Piura;Debito/Credito;323.994
69483;SO69483;2025-03-31;14/04/2025;12-04-25;5;29766 - 55966397;SC;Bob;Gage;Garrett Vargas;Ica;Debito/Credito;1376.994
71841;SO71841;2025-05-01;14/05/2025;13-05-25;5;29770 - 51535455;SC;Kathleen;Garza;Jae Pak;Ica;Debito/Credito;83076.5709
71861;SO71861;2025-05-01;13/05/2025;13-05-25;5;29775 - 85329919;SC;Jim;Geist;Tete Mensa-Annan;Lima;Debito/Credito;1822.908
69427;SO69427;2025-03-31;09/04/2025;09-04-25;5;29777 - 10595154921;SC;Tom;Getzinger;Ranjit Varkey Chudukatil;Áncash;Debito/Credito;356.898
69415;SO69415;2025-03-31;12/04/2025;12-04-25;5;29779 - 58362442;SC;Cornett;Gibbens;Ranjit Varkey Chudukatil;Áncash;Debito/Credito;12307.134
69455;SO69455;2025-03-31;07/04/2025;07-04-25;5;29780 - 26732334;SC;Frances;Giglio;Jae Pak;Ica;Debito/Credito;2076.54
71923;SO71923;2025-05-01;13/05/2025;13-05-25;5;29781 - 90138817;SC;Guy;Gilbert;Linda Mitchell;Piura;Debito/Credito;96.1088
69539;SO69539;2025-03-31;12/04/2025;13-04-25;5;29784 - 8937015;SC;Jeanie;Glenn;Linda Mitchell;Piura;Debito/Credito;7564.164
69548;SO69548;2025-03-31;12/04/2025;12-04-25;5;29785 - 10953062545;SC;Diane;Glimp;Jae Pak;Ica;Debito/Credito;63.168
69464;SO69464;2025-03-31;12/04/2025;12-04-25;5;29786 - 18895252;SC;James;Glynn;Ranjit Varkey Chudukatil;Áncash;Debito/Credito;41672.7142
69448;SO69448;2025-03-31;12/04/2025;12-04-25;5;29789 - 1383582;SC;Brian;Goldstein;Garrett Vargas;Ica;Debito/Credito;18952.116
69501;SO69501;2025-03-31;13/04/2025;12-04-25;5;29792 - 87450757;SC;Abigail;Gonzalez;Michael Blythe;Piura;Debito/Credito;35676.7764
71797;SO71797;2025-05-01;10/05/2025;10-05-25;5;29796 - 10319308028;SC;Jon;Grande;José Saraiva;Lambayeque;Debito/Credito;65123.4634
69389;SO69389;2025-03-31;12/04/2025;12-04-25;5;29797 - 22898326;SC;Jane;Greer;Jae Pak;Ica;Debito/Credito;5105.568
69443;SO69443;2025-03-31;12/04/2025;12-04-25;5;29798 - 60457574;SC;Geoff;Grisso;Tsvi Reiter;Cusco;Debito/Credito;13580.442
71848;SO71848;2025-05-01;13/05/2025;13-05-25;5;29799 - 49127555;SC;Douglas;Groncki;Shu Ito;Piura;Debito/Credito;12563.676
69487;SO69487;2025-03-31;12/04/2025;12-04-25;5;29800 - 69033341;SC;Brian;Groth;David Campbell;Lima;Debito/Credito;5175.852
71873;SO71873;2025-05-01;13/05/2025;13-05-25;5;29801 - 10612035891;SC;Faith;Gustafson;Jillian Carson;Arequipa;Debito/Credito;4480.614
71786;SO71786;2025-05-01;13/05/2025;13-05-25;5;29803 - 22905519;SC;Hattie;Haemon;Jae Pak;Ica;Debito/Credito;3593.868
71888;SO71888;2025-05-01;10/05/2025;10-05-25;5;29804 - 6465790;SC;Matthew;Hagemann;Tsvi Reiter;Cusco;Debito/Credito;4346.082
71919;SO71919;2025-05-01;09/05/2025;09-05-25;5;29806 - 96337769;SC;Betty;Haines;Stephen Jiang;Lima;Debito/Credito;2321.262
71859;SO71859;2025-05-01;14/05/2025;13-05-25;5;29809 - 10193717802;SC;Kerim;Hanif;Shu Ito;Piura;Debito/Credito;6653.262
71932;SO71932;2025-05-01;10/05/2025;10-05-25;5;29810 - 10449447;SC;Jean;Handley;David Campbell;Lima;Debito/Credito;618.51
71692;SO71692;2025-04-30;13/05/2025;13-05-25;5;29812 - 40796625;SC;William;Hapke;Rachel Valdez;Junín;Debito/Credito;197.548
71910;SO71910;2025-05-01;13/05/2025;13-05-25;5;29812 - 40796625;SC;William;Hapke;Rachel Valdez;Junín;Debito/Credito;641.022
69565;SO69565;2025-03-31;08/04/2025;08-04-25;5;29814 - 10163150743;SC;Kimberly;Harrington;Tsvi Reiter;Cusco;Debito/Credito;3576.396
71890;SO71890;2025-05-01;13/05/2025;13-05-25;5;29815 - 70167127;SC;Lucy;Harrington;Shu Ito;Piura;Debito/Credito;9003.912
69488;SO69488;2025-03-31;12/04/2025;12-04-25;5;29816 - 12873827;SC;Keith;Harris;David Campbell;Lima;Debito/Credito;764.316
69465;SO69465;2025-03-31;07/04/2025;07-04-25;5;29817 - 46568458;SC;Doris;Hartwig;Tsvi Reiter;Cusco;Debito/Credito;31001.682
69471;SO69471;2025-03-31;13/04/2025;12-04-25;5;29818 - 48983091;SC;Roger;Harui;Linda Mitchell;Lima;Debito/Credito;92941.2222
71795;SO71795;2025-05-01;13/05/2025;13-05-25;5;29821 - 81901442;SC;Neal;Hasty;Lynn Tsoflias;Cajamarca;Debito/Credito;31229.8394
71829;SO71829;2025-05-01;15/05/2025;13-05-25;5;29822 - 15077414;SC;James;Haugh;Garrett Vargas;Ica;Debito/Credito;29761.1208
71822;SO71822;2025-05-01;13/05/2025;13-05-25;5;29823 - 64363653;SC;Jeff;Hay;Lynn Tsoflias;Cajamarca;Debito/Credito;23686.98
69476;SO69476;2025-03-31;12/04/2025;12-04-25;5;29828 - 10443201295;SC;Jay;Henningsen;Jillian Carson;Arequipa;Debito/Credito;3438.279
69541;SO69541;2025-03-31;08/04/2025;08-04-25;5;29830 - 47936947;SC;Kari;Hensien;Garrett Vargas;Ica;Debito/Credito;5723.3976
71906;SO71906;2025-05-01;14/05/2025;13-05-25;5;29831 - 5493296;SC;Irene;Hernandez;Garrett Vargas;Ica;Debito/Credito;352.386
71896;SO71896;2025-05-01;10/05/2025;10-05-25;5;29834 - 10560130086;SC;Cheryl;Herring;Shu Ito;Piura;Debito/Credito;40248.8592
69458;SO69458;2025-03-31;13/04/2025;12-04-25;5;29835 - 21722506;SC;Ronald;Heymsfield;David Campbell;Lima;Debito/Credito;461.694
71939;SO71939;2025-05-01;13/05/2025;13-05-25;5;29838 - 10838831714;SC;Fran;Highfill;Jillian Carson;Arequipa;Debito/Credito;713.796
71834;SO71834;2025-05-01;13/05/2025;13-05-25;5;29839 - 38132261;SC;Geneva;Hill;Rachel Valdez;Junín;Debito/Credito;1734.03
71789;SO71789;2025-05-01;13/05/2025;13-05-25;5;29840 - 2218546;SC;Andrew;Hill;Jae Pak;Ica;Debito/Credito;105.294
71866;SO71866;2025-05-01;13/05/2025;14-05-25;5;29841 - 66848371;SC;Reinout;Hillmann;Tsvi Reiter;Cusco;Debito/Credito;32372.328
71857;SO71857;2025-05-01;13/05/2025;13-05-25;5;29842 - 68530202;SC;Mike;Hines;Shu Ito;Piura;Debito/Credito;28139.25
71835;SO71835;2025-05-01;14/05/2025;13-05-25;5;29843 - 28431263;SC;Matthew;Hink;Pamela Ansman-Wolfe;Lima;Debito/Credito;53858.67
69556;SO69556;2025-03-31;12/04/2025;12-04-25;5;29845 - 75170107;SC;Rose;Hirsch;Rachel Valdez;;Debito/Credito;1013.232
69502;SO69502;2025-03-31;12/04/2025;12-04-25;5;29846 - 72878343;SC;Douglas;Hite;Tsvi Reiter;Cusco;Debito/Credito;1815.15
71774;SO71774;2025-05-01;13/05/2025;13-05-25;5;29847 - 39360868;SC;David;Hodgson;Linda Mitchell;;Debito/Credito;713.796
69492;SO69492;2025-03-31;09/04/2025;09-04-25;5;29848 - 10176459732;SC;Helge;Hoeing;Michael Blythe;La Libertad;Debito/Credito;606.996
69543;SO69543;2025-03-31;12/04/2025;12-04-25;5;29851 - 10654096834;SC;Jean;Holloway;José Saraiva;;Debito/Credito;356.898
71931;SO71931;2025-05-01;13/05/2025;13-05-25;5;29854 - 5524131;SC;Peter;Houston;Michael Blythe;La Libertad;Debito/Credito;2224.974
71840;SO71840;2025-05-01;13/05/2025;13-05-25;5;29856 - 49421238;SC;Joe;Howard;Ranjit Varkey Chudukatil;Áncash;Debito/Credito;1082.622
69497;SO69497;2025-03-31;13/04/2025;12-04-25;5;29857 - 88061840;SC;Janice;Hows;José Saraiva;Lambayeque;Debito/Credito;21.576
69537;SO69537;2025-03-31;12/04/2025;12-04-25;5;29863 - 10620987655;SC;Ryan;Ihrig;Jae Pak;Ica;Debito/Credito;1493.166
71921;SO71921;2025-05-01;13/05/2025;13-05-25;5;29864 - 3596865;SC;Beth;Inghram;Jae Pak;Ica;Debito/Credito;551.4548
69409;SO69409;2025-03-31;12/04/2025;12-04-25;5;29865 - 9688672;SC;Lucio;Iallo;Linda Mitchell;Piura;Debito/Credito;6979.656
69557;SO69557;2025-03-31;08/04/2025;11-04-25;5;29868 - 10987728214;SC;Denean;Ison;José Saraiva;Lambayeque;Debito/Credito;2490.18
69436;SO69436;2025-03-31;12/04/2025;15-04-25;5;29869 - 95333349;SC;Raman;Iyer;Ranjit Varkey Chudukatil;Áncash;Debito/Credito;2181.24
71877;SO71877;2025-05-01;13/05/2025;13-05-25;5;29870 - 10659199556;SC;Bronson;Jacobs;Jae Pak;Ica;Debito/Credito;672.294
71941;SO71941;2025-05-01;08/05/2025;08-05-25;5;29873 - 10310221465;SC;Mary;Alexander;Tete Mensa-Annan;Lima;Debito/Credito;3200.586
71897;SO71897;2025-05-01;13/05/2025;13-05-25;5;29877 - 47952370;SC;Joyce;Jarvis;Linda Mitchell;La Libertad;Debito/Credito;10585.05
71900;SO71900;2025-05-01;07/05/2025;07-05-25;5;29878 - 68481798;SC;George;Jiang;Rachel Valdez;Junín;Debito/Credito;6072.966
69510;SO69510;2025-03-31;13/04/2025;12-04-25;5;29880 - 10693508033;SC;Samuel;Johnson;Tsvi Reiter;Cusco;Debito/Credito;3874.062
71817;SO71817;2025-05-01;10/05/2025;10-05-25;5;29881 - 10343813978;SC;Danielle;Johnson;Garrett Vargas;;Debito/Credito;518.304
71823;SO71823;2025-05-01;13/05/2025;13-05-25;5;29887 - 13423351;SC;Tamara;Johnston;Rachel Valdez;Junín;Debito/Credito;2071.92
69394;SO69394;2025-03-31;07/04/2025;07-04-25;5;29888 - 1655045;SC;Brannon;Jones;Tsvi Reiter;Cusco;Debito/Credito;23316.246
71819;SO71819;2025-05-01;13/05/2025;13-05-25;5;29891 - 10114033661;SC;Diane;Krane;Jillian Carson;La Libertad;Debito/Credito;30435.5859
69478;SO69478;2025-03-31;08/04/2025;08-04-25;5;29895 - 10524998268;SC;Lori;Kane;Jae Pak;Ica;Debito/Credito;23913.45
69533;SO69533;2025-03-31;12/04/2025;12-04-25;5;29896 - 97135868;SC;Judith;Krane;Tsvi Reiter;Cusco;Debito/Credito;50095.6227
71811;SO71811;2025-05-01;13/05/2025;13-05-25;5;29897 - 10072563622;SC;Kay;Krane;Shu Ito;Piura;Debito/Credito;2567.046
69429;SO69429;2025-03-31;13/04/2025;12-04-25;5;29899 - 96654096;SC;Kendall;Keil;Ranjit Varkey Chudukatil;Áncash;Debito/Credito;32625.978
69505;SO69505;2025-03-31;12/04/2025;12-04-25;5;29901 - 10902866753;SC;John;Kelly;Linda Mitchell;Piura;Debito/Credito;6140.4181
71862;SO71862;2025-05-01;14/05/2025;13-05-25;5;29903 - 10135253269;SC;Kevin;Kennedy;Tete Mensa-Annan;Lima;Debito/Credito;1190.622
69456;SO69456;2025-03-31;08/04/2025;09-04-25;5;29904 - 62106215;SC;Mary;Kesslep;José Saraiva;Lambayeque;Debito/Credito;42715.1988
69406;SO69406;2025-03-31;12/04/2025;12-04-25;5;29907 - 43811000;SC;Karan;Khanna;Tete Mensa-Annan;Lima;Debito/Credito;33171.1091
69392;SO69392;2025-03-31;13/04/2025;12-04-25;5;29908 - 10453921706;SC;Joe;Kim;José Saraiva;Lambayeque;Debito/Credito;387.918
69520;SO69520;2025-03-31;12/04/2025;12-04-25;5;29910 - 10649966908;SC;Shane;Kim;Jae Pak;Ica;Debito/Credito;49565.5983
69479;SO69479;2025-03-31;07/04/2025;07-04-25;5;29911 - 10648230246;SC;Tim;Kim;Garrett Vargas;Ica;Debito/Credito;25573.8716
69561;SO69561;2025-03-31;06/04/2025;06-04-25;5;29913 - 96818075;SC;Anton;Kirilov;Linda Mitchell;La Libertad;Debito/Credito;82062.4546
71880;SO71880;2025-05-01;14/05/2025;13-05-25;5;29915 - 80399555;SC;Andrew;Kobylinski;Pamela Ansman-Wolfe;Lima;Debito/Credito;31788.3204
71894;SO71894;2025-05-01;13/05/2025;13-05-25;5;29916 - 10106962679;SC;Reed;Koch;Jillian Carson;Arequipa;Debito/Credito;70205.79
71918;SO71918;2025-05-01;14/05/2025;13-05-25;5;29917 - 87801955;SC;Jim;Kennedy;Rachel Valdez;Junín;Debito/Credito;57048.894
69560;SO69560;2025-03-31;12/04/2025;12-04-25;5;29918 - 1303791;SC;Kirk;King;Jae Pak;Ica;Debito/Credito;31044.9012
69441;SO69441;2025-03-31;12/04/2025;12-04-25;5;29919 - 2673390;SC;Eugene;Kogan;Linda Mitchell;Piura;Debito/Credito;68203.41
71832;SO71832;2025-05-01;13/05/2025;13-05-25;5;29922 - 17569357;SC;Pamala;Kotc;José Saraiva;Lambayeque;Debito/Credito;28950.6781
69531;SO69531;2025-03-31;12/04/2025;12-04-25;5;29923 - 54724124;SC;Edward;Kozlowski;Ranjit Varkey Chudukatil;Áncash;Debito/Credito;112312.554
69503;SO69503;2025-03-31;12/04/2025;12-04-25;5;29924 - 50585423;SC;Mitch;Kennedy;Linda Mitchell;La Libertad;Debito/Credito;61593.4153
71855;SO71855;2025-05-01;14/05/2025;13-05-25;5;29927 - 18229695;SC;Jeffrey;Kung;Ranjit Varkey Chudukatil;Áncash;Debito/Credito;323.994
69397;SO69397;2025-03-31;12/04/2025;12-04-25;5;29928 - 41126136;SC;Vamsi;Kuppa;Jae Pak;Ica;Debito/Credito;26194.974
71902;SO71902;2025-05-01;13/05/2025;13-05-25;5;29929 - 70802428;SC;Jeffrey;Kurtz;Linda Mitchell;Piura;Debito/Credito;59894.2092
71943;SO71943;2025-05-01;14/05/2025;15-05-25;5;29931 - 93352508;SC;Eric;Lang;Tete Mensa-Annan;Lima;Debito/Credito;35632.992
71898;SO71898;2025-05-01;13/05/2025;13-05-25;5;29932 - 79090591;SC;Rebecca;Laszlo;José Saraiva;Lambayeque;Debito/Credito;53248.692
71865;SO71865;2025-05-01;13/05/2025;13-05-25;5;29933 - 97437719;SC;Cecilia;Laursen;Ranjit Varkey Chudukatil;Áncash;Debito/Credito;214.746
69413;SO69413;2025-03-31;12/04/2025;12-04-25;5;29935 - 38336988;SC;Elsa;Leavitt;Linda Mitchell;Lima;Debito/Credito;25757.0601
69530;SO69530;2025-03-31;12/04/2025;12-04-25;5;29936 - 15501642;SC;Michael;Lee;Tete Mensa-Annan;;Debito/Credito;445.41
71845;SO71845;2025-05-01;13/05/2025;13-05-25;5;29938 - 2179385;SC;Frank;Campbell;Linda Mitchell;Piura;Debito/Credito;34118.5356
71916;SO71916;2025-05-01;08/05/2025;08-05-25;5;29939 - 91943948;SC;Mark;Lee;Jae Pak;Ica;Debito/Credito;1411.236
69535;SO69535;2025-03-31;13/04/2025;13-04-25;5;29940 - 44403438;SC;Robertson;Lee;Ranjit Varkey Chudukatil;Áncash;Debito/Credito;108982.7474
69421;SO69421;2025-03-31;12/04/2025;12-04-25;5;29942 - 81257559;SC;Roger;Lengel;Tete Mensa-Annan;Lima;Debito/Credito;26125.854
71810;SO71810;2025-05-01;14/05/2025;13-05-25;5;29943 - 10275809824;SC;A.;Leonetti;Michael Blythe;Piura;Debito/Credito;802.398
69485;SO69485;2025-03-31;12/04/2025;12-04-25;5;29945 - 76773846;SC;Gloria;Lesko;Tsvi Reiter;Cusco;Debito/Credito;3309.0168
69526;SO69526;2025-03-31;12/04/2025;12-04-25;5;29947 - 17762220;SC;Judy;Lew;Jillian Carson;Arequipa;Debito/Credito;17765.0361
71911;SO71911;2025-05-01;13/05/2025;13-05-25;5;29948 - 10380441093;SC;Elsie;Lewin;Michael Blythe;Piura;Debito/Credito;5496.018
69407;SO69407;2025-03-31;13/04/2025;12-04-25;5;29949 - 10781636977;SC;George;Li;Linda Mitchell;Lima;Debito/Credito;529.4928
71851;SO71851;2025-05-01;09/05/2025;09-05-25;5;29950 - 27110388;SC;Yale;Li;Jae Pak;;Debito/Credito;38145.9918
71799;SO71799;2025-05-01;13/05/2025;13-05-25;5;29951 - 29745494;SC;Yan;Li;Ranjit Varkey Chudukatil;Áncash;Debito/Credito;17147.418
69470;SO69470;2025-03-31;13/04/2025;12-04-25;5;29952 - 58457085;SC;Yuhong;Li;José Saraiva;Lambayeque;Debito/Credito;3061.782
69393;SO69393;2025-03-31;13/04/2025;12-04-25;5;29955 - 10997630776;SC;David;Liu;Jillian Carson;La Libertad;Debito/Credito;32184.0288
71881;SO71881;2025-05-01;13/05/2025;13-05-25;5;29956 - 10292781865;SC;Jinghao;Liu;Michael Blythe;Piura;Debito/Credito;36550.8348
71783;SO71783;2025-05-01;14/05/2025;13-05-25;5;29957 - 18464564;SC;Kevin;Liu;Linda Mitchell;Piura;Debito/Credito;65683.368
71868;SO71868;2025-05-01;13/05/2025;14-05-25;5;29959 - 9270973;SC;Todd;Logan;Garrett Vargas;Ica;Debito/Credito;1418.13
71934;SO71934;2025-05-01;13/05/2025;13-05-25;5;29960 - 84741878;SC;Kok-Ho;Loh;Lynn Tsoflias;Cajamarca;Debito/Credito;219.5808
69402;SO69402;2025-03-31;12/04/2025;12-04-25;5;29961 - 11453031;SC;John;Long;Jillian Carson;Arequipa;Debito/Credito;356.898
71912;SO71912;2025-05-01;13/05/2025;13-05-25;5;29962 - 16566042;SC;Sharon;Looney;Michael Blythe;La Libertad;Debito/Credito;2995.188
69513;SO69513;2025-03-31;09/04/2025;09-04-25;5;29963 - 7896549;SC;Spencer;Low;Tsvi Reiter;Cusco;Debito/Credito;20699.376
71828;SO71828;2025-05-01;13/05/2025;13-05-25;5;29964 - 79962262;SC;Anita;Lucerne;Garrett Vargas;Ica;Debito/Credito;39348.252
71905;SO71905;2025-05-01;13/05/2025;13-05-25;5;29965 - 20140492;SC;Jose;Lugo;Lynn Tsoflias;Cajamarca;Debito/Credito;4291.326
71949;SO71949;2025-05-01;08/05/2025;08-05-25;5;29966 - 50718807;SC;Richard;Lum;Jillian Carson;Arequipa;Debito/Credito;34123.6677
69518;SO69518;2025-03-31;13/04/2025;12-04-25;5;29968 - 91302276;SC;Helen;Lutes;Tsvi Reiter;Cusco;Debito/Credito;33579.4416
71788;SO71788;2025-05-01;14/05/2025;13-05-25;5;29971 - 80089960;SC;Robert;Lyon;Garrett Vargas;Ica;Debito/Credito;1365.582
71813;SO71813;2025-05-01;13/05/2025;13-05-25;5;29972 - 74367236;SC;Jenny;Lysaker;Lynn Tsoflias;Cajamarca;Debito/Credito;9641.712
71863;SO71863;2025-05-01;13/05/2025;13-05-25;5;29975 - 83778286;SC;Walter;Mays;Linda Mitchell;Piura;Debito/Credito;2777.1431
69431;SO69431;2025-03-31;08/04/2025;08-04-25;5;29977 - 83473105;SC;Kimberly;Malmendier;Ranjit Varkey Chudukatil;Áncash;Debito/Credito;4298.958
69555;SO69555;2025-03-31;13/04/2025;12-04-25;5;29978 - 10191295952;SC;Ajay;Manchepalli;José Saraiva;Lambayeque;Debito/Credito;119.976
69506;SO69506;2025-03-31;13/04/2025;12-04-25;5;29979 - 10014108223;SC;Parul;Manek;Ranjit Varkey Chudukatil;Áncash;Debito/Credito;7099.608
71920;SO71920;2025-05-01;13/05/2025;13-05-25;5;29982 - 61636139;SC;Melissa;Marple;Linda Mitchell;Piura;Debito/Credito;2527.128
69432;SO69432;2025-03-31;13/04/2025;12-04-25;5;29983 - 72311602;SC;Cecelia;Marshall;Jae Pak;Ica;Debito/Credito;649.14
69404;SO69404;2025-03-31;12/04/2025;12-04-25;5;29984 - 32874936;SC;Benjamin;Martin;Ranjit Varkey Chudukatil;Áncash;Debito/Credito;5454.2858
69498;SO69498;2025-03-31;13/04/2025;12-04-25;5;29985 - 31692927;SC;Linda;Martin;José Saraiva;Lambayeque;Debito/Credito;1544.97
69477;SO69477;2025-03-31;12/04/2025;12-04-25;5;29986 - 10371484669;SC;Mindy;Martin;Ranjit Varkey Chudukatil;Áncash;Debito/Credito;335.952
69494;SO69494;2025-03-31;14/04/2025;12-04-25;5;29989 - 85518001;SC;Joseph;Matthews;Ranjit Varkey Chudukatil;Áncash;Debito/Credito;31.584
69551;SO69551;2025-03-31;12/04/2025;12-04-25;5;29990 - 23230668;SC;Jennifer;Maxham;Amy Alberts;Lambayeque;Debito/Credito;672.294
69484;SO69484;2025-03-31;13/04/2025;12-04-25;5;29991 - 7656517;SC;Chris;Maxwell;Tete Mensa-Annan;Lima;Debito/Credito;1964.67
69454;SO69454;2025-03-31;13/04/2025;12-04-25;5;29995 - 10960172354;SC;Stacie;Mcanich;Rachel Valdez;Junín;Debito/Credito;83967.9181
69442;SO69442;2025-03-31;12/04/2025;12-04-25;5;29996 - 66018311;SC;Katie;Mcaskill-White;Jillian Carson;Arequipa;Debito/Credito;30980.0885
69408;SO69408;2025-03-31;12/04/2025;12-04-25;5;29997 - 10202301348;SC;Lola;Mccarthy;David Campbell;Lima;Debito/Credito;49522.7787
69523;SO69523;2025-03-31;09/04/2025;09-04-25;5;30002 - 74474804;SC;Alejandro;Mcguel;Jillian Carson;Arequipa;Debito/Credito;356.898
69563;SO69563;2025-03-31;12/04/2025;12-04-25;5;30005 - 22297626;SC;Nancy;Mcphearson;José Saraiva;Lambayeque;Debito/Credito;30610.626
71870;SO71870;2025-05-01;14/05/2025;13-05-25;5;30006 - 10539419129;SC;Nellie;Medina;Ranjit Varkey Chudukatil;Áncash;Debito/Credito;1436.43
71871;SO71871;2025-05-01;14/05/2025;13-05-25;5;30007 - 63778819;SC;Raquel;Mello;Jae Pak;Ica;Debito/Credito;1709.316
71930;SO71930;2025-05-01;13/05/2025;13-05-25;5;30008 - 6186324;SC;R. Morgan;Mendoza;Michael Blythe;La Libertad;Debito/Credito;3047.946
69462;SO69462;2025-03-31;12/04/2025;12-04-25;5;30009 - 2753830;SC;Tosh;Meston;Jillian Carson;Arequipa;Debito/Credito;11012.327
69474;SO69474;2025-03-31;13/04/2025;12-04-25;5;30011 - 77533725;SC;Eric;Meyer;Tsvi Reiter;Cusco;Debito/Credito;9900.42
69467;SO69467;2025-03-31;14/04/2025;12-04-25;5;30014 - 57893621;SC;Gary;Meyerhoff;Jillian Carson;Arequipa;Debito/Credito;11951.688
69564;SO69564;2025-03-31;12/04/2025;12-04-25;5;30015 - 18280415;SC;Ramesh;Meyyappan;Syed Abbas;Cajamarca;Debito/Credito;16317.588
71831;SO71831;2025-05-01;13/05/2025;13-05-25;5;30019 - 83991702;SC;Matthew;Miller;José Saraiva;Lambayeque;Debito/Credito;1712.946
71838;SO71838;2025-05-01;13/05/2025;13-05-25;5;30020 - 86152683;SC;Emilo;Miller;Ranjit Varkey Chudukatil;;Debito/Credito;11463.684
69446;SO69446;2025-03-31;09/04/2025;09-04-25;5;30021 - 10885268429;SC;Ben;Miller;Jae Pak;Ica;Debito/Credito;1712.946
69514;SO69514;2025-03-31;14/04/2025;12-04-25;5;30022 - 89119528;SC;Dylan;Miller;Linda Mitchell;Piura;Debito/Credito;3708.54
69424;SO69424;2025-03-31;09/04/2025;09-04-25;5;30023 - 10691057234;SC;Frank;Miller;Michael Blythe;La Libertad;Debito/Credito;739.89
69423;SO69423;2025-03-31;12/04/2025;12-04-25;5;30024 - 10272691012;SC;Neva;Mitchell;Tete Mensa-Annan;Lima;Debito/Credito;293.958
71917;SO71917;2025-05-01;13/05/2025;13-05-25;5;30025 - 10781224189;SC;Linda;Mitchell;José Saraiva;Lambayeque;Debito/Credito;37.758
69430;SO69430;2025-03-31;14/04/2025;12-04-25;5;30026 - 66083975;SC;Scott;Mitchell;Ranjit Varkey Chudukatil;Áncash;Debito/Credito;11747.532
71816;SO71816;2025-05-01;13/05/2025;13-05-25;5;30027 - 10587254167;SC;Joseph;Mitzner;Linda Mitchell;Piura;Debito/Credito;2847.408
71825;SO71825;2025-05-01;08/05/2025;09-05-25;5;30029 - 33520659;SC;Shanay;Steelman;Jae Pak;Ica;Debito/Credito;3755.886
69554;SO69554;2025-03-31;09/04/2025;09-04-25;5;30030 - 10522474529;SC;Stefano;Stefani;José Saraiva;Lambayeque;Debito/Credito;7133.778
71775;SO71775;2025-05-01;13/05/2025;13-05-25;5;30031 - 63087900;SC;Alan;Steiner;Tete Mensa-Annan;Lima;Debito/Credito;1751.718
71856;SO71856;2025-05-01;13/05/2025;13-05-25;5;30033 - 79312783;SC;Vassar;Stern;Linda Mitchell;Lima;Debito/Credito;500.304
71925;SO71925;2025-05-01;08/05/2025;08-05-25;5;30034 - 16075880;SC;Wathalee;Steuber;Tete Mensa-Annan;Lima;Debito/Credito;5416.938
69549;SO69549;2025-03-31;13/04/2025;12-04-25;5;30035 - 37950753;SC;Alice;Steiner;Michael Blythe;Piura;Debito/Credito;6450.678
71853;SO71853;2025-05-01;10/05/2025;10-05-25;5;30037 - 60688002;SC;Jim;Stewart;Garrett Vargas;Ica;Debito/Credito;3539.874
71944;SO71944;2025-05-01;16/05/2025;13-05-25;5;30038 - 25873247;SC;Judy;Storjohann;Lynn Tsoflias;Cajamarca;Debito/Credito;1174.32
71801;SO71801;2025-05-01;13/05/2025;13-05-25;5;30043 - 16940937;SC;Min;Su;Ranjit Varkey Chudukatil;Áncash;Debito/Credito;35805.7413
71952;SO71952;2025-05-01;13/05/2025;13-05-25;5;30046 - 51722741;SC;Elizabeth;Sullivan;Michael Blythe;Piura;Debito/Credito;67059.6362
69546;SO69546;2025-03-31;12/04/2025;12-04-25;5;30047 - 14214839;SC;Michael;Sullivan;Linda Mitchell;Piura;Debito/Credito;8020.758
71820;SO71820;2025-05-01;13/05/2025;13-05-25;5;30049 - 10955109289;SC;Nate;Sun;Ranjit Varkey Chudukatil;Áncash;Debito/Credito;51603.234
71936;SO71936;2025-05-01;13/05/2025;13-05-25;5;30050 - 40674445;SC;Krishna;Sunkammurali;José Saraiva;Lambayeque;Debito/Credito;79589.616
71891;SO71891;2025-05-01;13/05/2025;13-05-25;5;30053 - 78050342;SC;Katherine;Swan;Garrett Vargas;Ica;Debito/Credito;1932.432
69473;SO69473;2025-03-31;12/04/2025;12-04-25;5;30054 - 39540321;SC;Shelly;Szymanski;Jillian Carson;Arequipa;Debito/Credito;1755.0912
69418;SO69418;2025-03-31;12/04/2025;12-04-25;5;30055 - 88527772;SC;Julie;Taft-Rider;Michael Blythe;La Libertad;Debito/Credito;23892.7656
69390;SO69390;2025-03-31;12/04/2025;12-04-25;5;30058 - 15387792;SC;Mike;Taylor;Garrett Vargas;;Debito/Credito;26.724
69449;SO69449;2025-03-31;07/04/2025;07-04-25;5;30059 - 84868173;SC;Denis;Taylor;Lynn Tsoflias;Cajamarca;Debito/Credito;32640.528
69440;SO69440;2025-03-31;12/04/2025;12-04-25;5;30060 - 12507461;SC;Jeff;Teper;Jillian Carson;Arequipa;Debito/Credito;577.47
69512;SO69512;2025-03-31;07/04/2025;07-04-25;5;30061 - 62211117;SC;Chad;Tedford;Michael Blythe;Piura;Debito/Credito;1336.23
69496;SO69496;2025-03-31;12/04/2025;12-04-25;5;30062 - 69175799;SC;Sameer;Tejani;Tsvi Reiter;Cusco;Debito/Credito;356.898
69509;SO69509;2025-03-31;12/04/2025;12-04-25;5;30063 - 96695210;SC;Vanessa;Tench;Shu Ito;Piura;Debito/Credito;29149.092
71777;SO71777;2025-05-01;14/05/2025;13-05-25;5;30064 - 89466138;SC;Judy;Thames;David Campbell;Lima;Debito/Credito;930.282
71922;SO71922;2025-05-01;14/05/2025;13-05-25;5;30066 - 10107786283;SC;Ram;Thirunavukkarasu;Rachel Valdez;Junín;Debito/Credito;728.91
71928;SO71928;2025-05-01;10/05/2025;12-05-25;5;30069 - 60599081;SC;Donald;Thompson;Shu Ito;Piura;Debito/Credito;845.34
71886;SO71886;2025-05-01;07/05/2025;07-05-25;5;30071 - 25968927;SC;Daniel;Thompson;Tete Mensa-Annan;Lima;Debito/Credito;28843.6551
71776;SO71776;2025-05-01;13/05/2025;13-05-25;5;30072 - 23283688;SC;Andrea;Thomsen;José Saraiva;Lambayeque;Debito/Credito;63.9
69435;SO69435;2025-03-31;12/04/2025;12-04-25;5;30073 - 7873775;SC;Rossane;Thoreson;Ranjit Varkey Chudukatil;Áncash;Debito/Credito;26319.786
69425;SO69425;2025-03-31;12/04/2025;12-04-25;5;30076 - 52288535;SC;Diane;Tibbott;Shu Ito;La Libertad;Debito/Credito;930.282
71892;SO71892;2025-05-01;13/05/2025;13-05-25;5;30082 - 10575630663;SC;Anna;Townsend;Rachel Valdez;Junín;Debito/Credito;29496.174
69472;SO69472;2025-03-31;13/04/2025;12-04-25;5;30085 - 51574131;SC;Doris;Traube;Jillian Carson;;Debito/Credito;963.216
69457;SO69457;2025-03-31;14/04/2025;12-04-25;5;30086 - 93882332;SC;Jean;Trenary;Rachel Valdez;Junín;Debito/Credito;890.82
71800;SO71800;2025-05-01;07/05/2025;07-05-25;5;30087 - 10562040744;SC;Billy;Trent;Garrett Vargas;Ica;Debito/Credito;27995.85
71815;SO71815;2025-05-01;10/05/2025;10-05-25;5;30089 - 84187092;SC;Michael John;Troyer;Linda Mitchell;Piura;Debito/Credito;926.916
69438;SO69438;2025-03-31;13/04/2025;12-04-25;5;30091 - 57129421;SC;Lynn;Tsoflias;Jillian Carson;Arequipa;Debito/Credito;72.162
71945;SO71945;2025-05-01;13/05/2025;13-05-25;5;30092 - 32521209;SC;Gracia;Tuell;Lynn Tsoflias;Cajamarca;Debito/Credito;29703.312
69399;SO69399;2025-03-31;12/04/2025;12-04-25;5;30093 - 81420444;SC;Phyllis;Tuffield;Garrett Vargas;Ica;Debito/Credito;28795.9976
69417;SO69417;2025-03-31;14/04/2025;12-04-25;5;30094 - 10525056298;SC;Sairaj;Uddin;Linda Mitchell;Piura;Debito/Credito;33513.366
69515;SO69515;2025-03-31;12/04/2025;12-04-25;5;30095 - 6331292;SC;Sunil;Uppal;Michael Blythe;Piura;Debito/Credito;35131.278
71854;SO71854;2025-05-01;13/05/2025;15-05-25;5;30097 - 80702341;SC;Rachel;Valdez;Lynn Tsoflias;Cajamarca;Debito/Credito;27950.1974
69447;SO69447;2025-03-31;12/04/2025;12-04-25;5;30101 - 88492794;SC;Johnathan;Van Eaton;Ranjit Varkey Chudukatil;Áncash;Debito/Credito;33518.7528
71846;SO71846;2025-05-01;13/05/2025;13-05-25;5;30102 - 31957837;SC;Roger;Van Houten;José Saraiva;Lambayeque;Debito/Credito;1884.3948
69426;SO69426;2025-03-31;09/04/2025;09-04-25;5;30103 - 57881282;SC;Mandy;Vance;Ranjit Varkey Chudukatil;Áncash;Debito/Credito;61171.5876
71791;SO71791;2025-05-01;13/05/2025;13-05-25;5;30105 - 21931174;SC;Gregory;Vanderbout;Tete Mensa-Annan;Lima;Debito/Credito;19965.444
69422;SO69422;2025-03-31;12/04/2025;12-04-25;5;30107 - 91167421;SC;Margaret;Vanderkamp;Linda Mitchell;Lima;Debito/Credito;68925.4289
69525;SO69525;2025-03-31;12/04/2025;12-04-25;5;30112 - 82976756;SC;Patricia;Vasquez;Tete Mensa-Annan;Lima;Debito/Credito;32445.534
71780;SO71780;2025-05-01;13/05/2025;13-05-25;5;30113 - 50314436;SC;Raja;Venugopal;José Saraiva;Lambayeque;Debito/Credito;29923.008
69469;SO69469;2025-03-31;07/04/2025;07-04-25;5;30115 - 10496711799;SC;Dora;Verdad;Jae Pak;Ica;Debito/Credito;672.294
69412;SO69412;2025-03-31;12/04/2025;12-04-25;5;30117 - 10859939782;SC;Robert;Vessa;Michael Blythe;Piura;Debito/Credito;61144.5956
71803;SO71803;2025-05-01;13/05/2025;13-05-25;5;30118 - 10896480967;SC;Caroline;Vicknair;Michael Blythe;La Libertad;Debito/Credito;32700.6053
